path,role,sha256,source_locator,vault_path,status
knowledge/source/00-INDICE-REFORMA.md,reference_only,24d5927291119c66686863edfd9bda5466669fe658490198a41169c14c8b586d,vault:knowledge/reforma/00-INDICE-REFORMA.md,knowledge/reforma/reference-only/2026-08-07/00-INDICE-REFORMA.md,prepared_in_vault_not_configured_externally
knowledge/source/01-REGRAS-DE-USO-E-LIMITES.md,reference_only,1a8a744f4a475680c9adbab5b56a020e0226cc50251e3a0fedd0e15ee84a67a9,vault:knowledge/reforma/01-REGRAS-DE-USO-E-LIMITES.md,knowledge/reforma/reference-only/2026-08-07/01-REGRAS-DE-USO-E-LIMITES.md,prepared_in_vault_not_configured_externally
knowledge/source/02-ESCOPO-E-ROTEAMENTO.md,reference_only,bb8475ed9db45cc601d177af74fcaa1069073a589f8571758c46365ad633e45c,vault:knowledge/reforma/02-ESCOPO-E-ROTEAMENTO.md,knowledge/reforma/reference-only/2026-08-07/02-ESCOPO-E-ROTEAMENTO.md,prepared_in_vault_not_configured_externally
knowledge/source/03-FONTES-CANONICAS.md,reference_only,f2ff97edcf717bc5e2941dfd3260a83765f8460e20076b820c1ecab8985bcccd,vault:knowledge/reforma/03-FONTES-CANONICAS.md,knowledge/reforma/reference-only/2026-08-07/03-FONTES-CANONICAS.md,prepared_in_vault_not_configured_externally
knowledge/source/04-SKILLS-E-CENARIOS-DE-USO.md,reference_only,7da11dc248c763535d43e708a92164c76e029dc4dd1384f2a415b17277dc1991,vault:knowledge/reforma/04-SKILLS-E-CENARIOS-DE-USO.md,knowledge/reforma/reference-only/2026-08-07/04-SKILLS-E-CENARIOS-DE-USO.md,prepared_in_vault_not_configured_externally
knowledge/source/05-PERGUNTAS-TESTE-E-RESPOSTAS-ESPERADAS.md,reference_only,06e13aaf63d5a09e21c7a286b5b4b96549c0eb41ebd0fb172d0e7a9b0281ba1f,vault:knowledge/reforma/05-PERGUNTAS-TESTE-E-RESPOSTAS-ESPERADAS.md,knowledge/reforma/reference-only/2026-08-07/05-PERGUNTAS-TESTE-E-RESPOSTAS-ESPERADAS.md,prepared_in_vault_not_configured_externally
knowledge/source/06-GUARDRAILS-E-CLAIMS-BLOQUEADOS.md,reference_only,aa224b4e889bea13066e15924a8853d465f54962b9c1eedc1ed353bf9739d1e7,vault:knowledge/reforma/06-GUARDRAILS-E-CLAIMS-BLOQUEADOS.md,knowledge/reforma/reference-only/2026-08-07/06-GUARDRAILS-E-CLAIMS-BLOQUEADOS.md,prepared_in_vault_not_configured_externally
knowledge/source/07-MODELOS-DE-RESPOSTA-E-CHECKLISTS.md,reference_only,dd9aea77be380f782dd652c7f2adacf785e77764e767b73c13cc9299474a90fe,vault:knowledge/reforma/07-MODELOS-DE-RESPOSTA-E-CHECKLISTS.md,knowledge/reforma/reference-only/2026-08-07/07-MODELOS-DE-RESPOSTA-E-CHECKLISTS.md,prepared_in_vault_not_configured_externally
knowledge/source/08-LACUNAS-E-ROADMAP.md,reference_only,b58e1006ac89fcb44aacc576cd6684be0bee7c6df1bede5c7c44ff271f457f99,vault:knowledge/reforma/08-LACUNAS-E-ROADMAP.md,knowledge/reforma/reference-only/2026-08-07/08-LACUNAS-E-ROADMAP.md,prepared_in_vault_not_configured_externally
knowledge/source/09-GUARDRAILS-PARA-OUTROS-AGENTES.md,reference_only,b874fa1044ff72b2c56d7ff4dcb99879790822531b6315097a450f86661ec71d,vault:knowledge/reforma/09-GUARDRAILS-PARA-OUTROS-AGENTES.md,knowledge/reforma/reference-only/2026-08-07/09-GUARDRAILS-PARA-OUTROS-AGENTES.md,prepared_in_vault_not_configured_externally
knowledge/source/99-FONTES-LACUNAS-E-CONTROLE-DE-VERSAO.md,reference_only,428fd5d8ab87cf63a847adda15fea748a615b882dec47ede4b98f98b366c9dc3,vault:knowledge/reforma/99-FONTES-LACUNAS-E-CONTROLE-DE-VERSAO.md,knowledge/reforma/reference-only/2026-08-07/99-FONTES-LACUNAS-E-CONTROLE-DE-VERSAO.md,prepared_in_vault_not_configured_externally
knowledge/source/01-01-INSTRUCOES-GPT-ACTIONS-RAG-V2-1-POS-RAG.md,source,ced39c83d872fde403bee24bd7989883fb2bb8d9f4ed8250855a0cd454f62c3b,individual-repo:knowledge/source-package/01-01-INSTRUCOES-GPT-ACTIONS-RAG-V2-1-POS-RAG.md,knowledge/reforma/source/2026-08-07/01-01-INSTRUCOES-GPT-ACTIONS-RAG-V2-1-POS-RAG.md,prepared_in_vault_not_configured_externally
knowledge/source/02-02-REQUISITOS-RETRIEVAL-PRODUCAO.md,source,48c2c0ab749a8fbb5f07572083c3ca851e71ca09756a7a36a4d4d62d62e6ab6c,individual-repo:knowledge/source-package/02-02-REQUISITOS-RETRIEVAL-PRODUCAO.md,knowledge/reforma/source/2026-08-07/02-02-REQUISITOS-RETRIEVAL-PRODUCAO.md,prepared_in_vault_not_configured_externally
knowledge/source/03-04-MAPA-COBERTURA-LEGAL-USO.md,source,ecfdd186741adb5daf23d1393bbea3a978604cfd52c984d01337269b136d1ce0,individual-repo:knowledge/source-package/03-04-MAPA-COBERTURA-LEGAL-USO.md,knowledge/reforma/source/2026-08-07/03-04-MAPA-COBERTURA-LEGAL-USO.md,prepared_in_vault_not_configured_externally
knowledge/source/04-05-MAPA-DFE-XML-ERP-POS-HARDENING.md,source,63dd0412f7d64e3ab25aa45126e5fe4f5a6d1ef8ffdf4b6025148a6c17056130,individual-repo:knowledge/source-package/04-05-MAPA-DFE-XML-ERP-POS-HARDENING.md,knowledge/reforma/source/2026-08-07/04-05-MAPA-DFE-XML-ERP-POS-HARDENING.md,prepared_in_vault_not_configured_externally
knowledge/source/05-06-MAPA-SIMPLES-CREDITOS-SPLIT-CASHBACK-USO.md,source,dab1b7091535a9cb2ecfa8d339eeeb34f89a2e42bf7e091827f7783270491c55,individual-repo:knowledge/source-package/05-06-MAPA-SIMPLES-CREDITOS-SPLIT-CASHBACK-USO.md,knowledge/reforma/source/2026-08-07/05-06-MAPA-SIMPLES-CREDITOS-SPLIT-CASHBACK-USO.md,prepared_in_vault_not_configured_externally
knowledge/source/06-07-REGRAS-DE-NAO-CALCULAR-V2-1.md,source,4e3763cba559de8d68c16629f4bfd79c47e98dbe20243d3d1e407ceb41c33a1a,individual-repo:knowledge/source-package/06-07-REGRAS-DE-NAO-CALCULAR-V2-1.md,knowledge/reforma/source/2026-08-07/06-07-REGRAS-DE-NAO-CALCULAR-V2-1.md,prepared_in_vault_not_configured_externally
knowledge/source/07-08-GUIA-REFORMA-SEM-SURTO-DAY-PEDAGOGIA.md,source,8a7efd37b0326dd24894c80be614ab9a2eff1b76d7c54b58c61bfc989be5f695,individual-repo:knowledge/source-package/07-08-GUIA-REFORMA-SEM-SURTO-DAY-PEDAGOGIA.md,knowledge/reforma/source/2026-08-07/07-08-GUIA-REFORMA-SEM-SURTO-DAY-PEDAGOGIA.md,prepared_in_vault_not_configured_externally
knowledge/source/08-09-FICHA-CRONOGRAMA-BLINDADO.md,source,4dc41fd1fe07859dc5ac39f5833b8a69909eb1d26bf2bac3abd759882cd2357e,individual-repo:knowledge/source-package/08-09-FICHA-CRONOGRAMA-BLINDADO.md,knowledge/reforma/source/2026-08-07/08-09-FICHA-CRONOGRAMA-BLINDADO.md,prepared_in_vault_not_configured_externally
knowledge/source/09-10-FICHA-FONTE-LACUNA-HIERARQUIA.md,source,474fa73e8ba34e9fa2bf6933ce3edab5292e187d4d582165252723cdeb05df51,individual-repo:knowledge/source-package/09-10-FICHA-FONTE-LACUNA-HIERARQUIA.md,knowledge/reforma/source/2026-08-07/09-10-FICHA-FONTE-LACUNA-HIERARQUIA.md,prepared_in_vault_not_configured_externally
knowledge/source/10-11-FICHA-MODO-WHATSAPP-CLIENTE.md,source,3bac512339e7022e6fcd2a918a209163108718e15417f0c0f3b72bc652430902,individual-repo:knowledge/source-package/10-11-FICHA-MODO-WHATSAPP-CLIENTE.md,knowledge/reforma/source/2026-08-07/10-11-FICHA-MODO-WHATSAPP-CLIENTE.md,prepared_in_vault_not_configured_externally
knowledge/source/11-12-FICHA-CALCULO-REGIME-MOTOR.md,source,e81ea0a584bee61bed380b74d8b58450e820216e77104384dc474312315db19b,individual-repo:knowledge/source-package/11-12-FICHA-CALCULO-REGIME-MOTOR.md,knowledge/reforma/source/2026-08-07/11-12-FICHA-CALCULO-REGIME-MOTOR.md,prepared_in_vault_not_configured_externally
knowledge/source/12-13-FICHA-EXPORTACAO-DOSSIE.md,source,d6c888a4cea26f87886f7328acb080a3d80985e48f4bd9bbc7cff79fdc039a86,individual-repo:knowledge/source-package/12-13-FICHA-EXPORTACAO-DOSSIE.md,knowledge/reforma/source/2026-08-07/12-13-FICHA-EXPORTACAO-DOSSIE.md,prepared_in_vault_not_configured_externally
knowledge/source/13-14-FICHA-REDUCOES-REGIMES-SETORIAIS.md,source,473c777c25d3501e9c38317ebab2921b78228b67531502b916d6b064e806cdbd,individual-repo:knowledge/source-package/13-14-FICHA-REDUCOES-REGIMES-SETORIAIS.md,knowledge/reforma/source/2026-08-07/13-14-FICHA-REDUCOES-REGIMES-SETORIAIS.md,prepared_in_vault_not_configured_externally
knowledge/source/14-15-FICHA-DADOS-MINIMOS-POR-PERGUNTA.md,source,31b7c9547c2af78358eb9f2284b4d9eb1efc6fb838535b68d65463898e79565f,individual-repo:knowledge/source-package/14-15-FICHA-DADOS-MINIMOS-POR-PERGUNTA.md,knowledge/reforma/source/2026-08-07/14-15-FICHA-DADOS-MINIMOS-POR-PERGUNTA.md,prepared_in_vault_not_configured_externally
knowledge/source/15-16-FICHA-RESPOSTA-COMPLETA-ANTI-QUICK-ANSWER.md,source,17aafbfa2afb9da83ac867593eb3c4f81a8774a18eb262c613dc79469ef9a3fd,individual-repo:knowledge/source-package/15-16-FICHA-RESPOSTA-COMPLETA-ANTI-QUICK-ANSWER.md,knowledge/reforma/source/2026-08-07/15-16-FICHA-RESPOSTA-COMPLETA-ANTI-QUICK-ANSWER.md,prepared_in_vault_not_configured_externally
knowledge/source/16-17-FICHA-CLAIMS-COMERCIAIS-DISCLAIMERS.md,source,a5a896fcbcf29cdba2c1eb3e44eea823c8cb7cbdadae2a51128a370e3b565465,individual-repo:knowledge/source-package/16-17-FICHA-CLAIMS-COMERCIAIS-DISCLAIMERS.md,knowledge/reforma/source/2026-08-07/16-17-FICHA-CLAIMS-COMERCIAIS-DISCLAIMERS.md,prepared_in_vault_not_configured_externally
knowledge/source/17-18-FICHA-RETORNO-ACTION-TOPK.md,source,e7805303fe72c5c6bf0feda8401ee513e98d857876049cfb5949bce891fafceb,individual-repo:knowledge/source-package/17-18-FICHA-RETORNO-ACTION-TOPK.md,knowledge/reforma/source/2026-08-07/17-18-FICHA-RETORNO-ACTION-TOPK.md,prepared_in_vault_not_configured_externally
knowledge/source/18-19-FICHA-TESTES-VIVOS-METODOLOGIA.md,source,9635f63a9bb752b10e4c4838a13198525c6a846c9af00702e07f29f7c1e03313,individual-repo:knowledge/source-package/18-19-FICHA-TESTES-VIVOS-METODOLOGIA.md,knowledge/reforma/source/2026-08-07/18-19-FICHA-TESTES-VIVOS-METODOLOGIA.md,prepared_in_vault_not_configured_externally
knowledge/source/19-20-FICHA-MANUTENCAO-RAG-VERSOES.md,source,bcc0380d94565842726b26e837571b2f26be52dbe4ba73e2ce7101f24158c596,individual-repo:knowledge/source-package/19-20-FICHA-MANUTENCAO-RAG-VERSOES.md,knowledge/reforma/source/2026-08-07/19-20-FICHA-MANUTENCAO-RAG-VERSOES.md,prepared_in_vault_not_configured_externally
knowledge/source/20-21-FICHA-FALHAS-P0-REGRESSAO.md,source,165679be69c3df9a6b41b9ec7435c29193ba8fb7f2b27aee9227e96df9dea97e,individual-repo:knowledge/source-package/20-21-FICHA-FALHAS-P0-REGRESSAO.md,knowledge/reforma/source/2026-08-07/20-21-FICHA-FALHAS-P0-REGRESSAO.md,prepared_in_vault_not_configured_externally
knowledge/upload/01-INSTRUCOES-GPT-ACTIONS-RAG.md,upload_active,ffd18b10f4228ecb0c73ee0af22fce838566e72aa1df37333b00e039e7fb71d5,runtime:gpt-builder/published-snapshots/2026-08-06/knowledge/01-INSTRUCOES-GPT-ACTIONS-RAG.md,knowledge/reforma/upload-active/2026-08-07/01-INSTRUCOES-GPT-ACTIONS-RAG.md,prepared_in_vault_not_configured_externally
knowledge/upload/02-REQUISITOS-RETRIEVAL.md,upload_active,e1451f787d632b0f2f66647fbafb75513f4586a331f3bd643c0f0d77c811c9c0,runtime:gpt-builder/published-snapshots/2026-08-06/knowledge/02-REQUISITOS-RETRIEVAL.md,knowledge/reforma/upload-active/2026-08-07/02-REQUISITOS-RETRIEVAL.md,prepared_in_vault_not_configured_externally
knowledge/upload/03-GAPS-CRITICOS-ANTES-DOS-240-TESTES.md,upload_active,bae7d563b631d906457ff1d1dd69c56aa6bc828ff749f5fb15548911ac442d1b,runtime:gpt-builder/published-snapshots/2026-08-06/knowledge/03-GAPS-CRITICOS-ANTES-DOS-240-TESTES.md,knowledge/reforma/upload-active/2026-08-07/03-GAPS-CRITICOS-ANTES-DOS-240-TESTES.md,prepared_in_vault_not_configured_externally
knowledge/upload/04-MAPA-COBERTURA-LEGAL-E-ARTIGOS.md,upload_active,a2d750d58e8dd31b4ebe426611adc44b0b29699e834eb7b115f3d72c736aa4b1,runtime:gpt-builder/published-snapshots/2026-08-06/knowledge/04-MAPA-COBERTURA-LEGAL-E-ARTIGOS.md,knowledge/reforma/upload-active/2026-08-07/04-MAPA-COBERTURA-LEGAL-E-ARTIGOS.md,prepared_in_vault_not_configured_externally
knowledge/upload/05-MAPA-DFE-XML-ERP.md,upload_active,b324682535242452f1a1357b82e00a8e93647223909a9ad008bf04c52b63ea27,runtime:gpt-builder/published-snapshots/2026-08-06/knowledge/05-MAPA-DFE-XML-ERP.md,knowledge/reforma/upload-active/2026-08-07/05-MAPA-DFE-XML-ERP.md,prepared_in_vault_not_configured_externally
knowledge/upload/06-MAPA-SIMPLES-CREDITOS-SPLIT-CASHBACK.md,upload_active,07d20efd53f806b8c96d34eeada8fa50fc951b048477d1b2a82ff7853ec4f991,runtime:gpt-builder/published-snapshots/2026-08-06/knowledge/06-MAPA-SIMPLES-CREDITOS-SPLIT-CASHBACK.md,knowledge/reforma/upload-active/2026-08-07/06-MAPA-SIMPLES-CREDITOS-SPLIT-CASHBACK.md,prepared_in_vault_not_configured_externally
knowledge/upload/07-REGRAS-DE-NAO-CALCULAR.md,upload_active,a97973bb47e816b9729ddd0ccf1a0bce00c63ff04cf9c9e8e31f73b10161f422,runtime:gpt-builder/published-snapshots/2026-08-06/knowledge/07-REGRAS-DE-NAO-CALCULAR.md,knowledge/reforma/upload-active/2026-08-07/07-REGRAS-DE-NAO-CALCULAR.md,prepared_in_vault_not_configured_externally
knowledge/upload/08-GUIA-REFORMA-SEM-SURTO-DAY.md,upload_active,696c99a6ea200ef0f19fbc94c59d386b40d823754d3330aab485472837611271,runtime:gpt-builder/published-snapshots/2026-08-06/knowledge/08-GUIA-REFORMA-SEM-SURTO-DAY.md,knowledge/reforma/upload-active/2026-08-07/08-GUIA-REFORMA-SEM-SURTO-DAY.md,prepared_in_vault_not_configured_externally
